<application>
  <component name="AndroidFoldingSettings">
    <option name="collapseAndroidStrings" value="false" />
    <option name="COLLAPSE_ANDROID_TEXT" value="false" />
  </component>
  <component name="JavaCodeFoldingSettings">
    <option name="collapseConstructorGenericParameters" value="false" />
    <option name="collapseI18nMessages" value="false" />
    <option name="collapseLambdas" value="false" />
    <option name="collapseSuppressWarnings" value="false" />
  </component>
  <component name="OCCodeFoldingSettings">
    <option name="collapseConditionallyNotCompiled" value="false" />
    <option name="collapseTemplateParamList" value="false" />
    <option name="COLLAPSE_TEMPLATE_PARAM_LIST" value="false" />
    <option name="COLLAPSE_CONDITIONALLY_NOT_COMPILED" value="false" />
  </component>
  <component name="RiderCodeCompletionExtraSettings">
    <option name="allowToCompleteWithWhitespace" value="false" />
    <option name="hasNotifiedAboutCompletingWithEnter" value="true" />
    <option name="hasNotifiedAboutCompletingWithSpace" value="true" />
  </component>
</application>