<application>
  <component name="ProjectJdkTable">
    <jdk version="2">
      <name value="Android API 15 Platform" />
      <type value="Android SDK" />
      <homePath value="C:\Android\sdk" />
      <roots>
        <classPath>
          <root type="composite">
            <root url="jar://C:/Android/sdk/platforms/android-15/android.jar!/" type="simple" />
            <root url="file://C:/Android/sdk/platforms/android-15/data/res" type="simple" />
            <root url="jar://C:/Android/sdk/tools/support/annotations.jar!/" type="simple" />
          </root>
        </classPath>
        <sourcePath>
          <root type="composite">
            <root url="file://C:/Android/sdk/sources/android-15" type="simple" />
          </root>
        </sourcePath>
      </roots>
      <additional jdk="1.8" />
    </jdk>
    <jdk version="2">
      <name value="Android API 17 Platform" />
      <type value="Android SDK" />
      <homePath value="C:\Android\sdk" />
      <roots>
        <classPath>
          <root type="composite">
            <root url="jar://C:/Android/sdk/platforms/android-17/android.jar!/" type="simple" />
            <root url="file://C:/Android/sdk/platforms/android-17/data/res" type="simple" />
          </root>
        </classPath>
        <sourcePath>
          <root type="composite" />
        </sourcePath>
      </roots>
      <additional jdk="1.8" />
    </jdk>
    <jdk version="2">
      <name value="Android API 18 Platform" />
      <type value="Android SDK" />
      <homePath value="C:\Android\sdk" />
      <roots>
        <classPath>
          <root type="composite">
            <root url="jar://C:/Android/sdk/platforms/android-18/android.jar!/" type="simple" />
            <root url="file://C:/Android/sdk/platforms/android-18/data/res" type="simple" />
          </root>
        </classPath>
        <sourcePath>
          <root type="composite">
            <root url="file://C:/Android/sdk/sources/android-18" type="simple" />
          </root>
        </sourcePath>
      </roots>
      <additional jdk="1.8" />
    </jdk>
    <jdk version="2">
      <name value="Android API 19 Platform" />
      <type value="Android SDK" />
      <homePath value="C:\Android\sdk" />
      <roots>
        <classPath>
          <root type="composite">
            <root url="jar://C:/Android/sdk/platforms/android-19/android.jar!/" type="simple" />
            <root url="file://C:/Android/sdk/platforms/android-19/data/res" type="simple" />
          </root>
        </classPath>
        <sourcePath>
          <root type="composite">
            <root url="file://C:/Android/sdk/sources/android-19" type="simple" />
          </root>
        </sourcePath>
      </roots>
      <additional jdk="1.8" />
    </jdk>
    <jdk version="2">
      <name value="Android API 20 Platform" />
      <type value="Android SDK" />
      <homePath value="C:\Android\sdk" />
      <roots>
        <classPath>
          <root type="composite">
            <root url="jar://C:/Android/sdk/platforms/android-20/android.jar!/" type="simple" />
            <root url="file://C:/Android/sdk/platforms/android-20/data/res" type="simple" />
          </root>
        </classPath>
        <sourcePath>
          <root type="composite">
            <root url="file://C:/Android/sdk/sources/android-20" type="simple" />
          </root>
        </sourcePath>
      </roots>
      <additional jdk="1.8" />
    </jdk>
    <jdk version="2">
      <name value="Android API 21 Platform" />
      <type value="Android SDK" />
      <homePath value="C:\Android\sdk" />
      <roots>
        <classPath>
          <root type="composite">
            <root url="jar://C:/Android/sdk/platforms/android-21/android.jar!/" type="simple" />
            <root url="file://C:/Android/sdk/platforms/android-21/data/res" type="simple" />
          </root>
        </classPath>
        <sourcePath>
          <root type="composite">
            <root url="file://C:/Android/sdk/sources/android-21" type="simple" />
          </root>
        </sourcePath>
      </roots>
      <additional jdk="1.8" />
    </jdk>
    <jdk version="2">
      <name value="Android API 22 Platform" />
      <type value="Android SDK" />
      <homePath value="C:\Android\sdk" />
      <roots>
        <classPath>
          <root type="composite">
            <root url="jar://C:/Android/sdk/platforms/android-22/android.jar!/" type="simple" />
            <root url="file://C:/Android/sdk/platforms/android-22/data/res" type="simple" />
          </root>
        </classPath>
        <sourcePath>
          <root type="composite">
            <root url="file://C:/Android/sdk/sources/android-22" type="simple" />
          </root>
        </sourcePath>
      </roots>
      <additional jdk="1.8" />
    </jdk>
    <jdk version="2">
      <name value="Android API 23 Platform" />
      <type value="Android SDK" />
      <homePath value="C:\Android\sdk" />
      <roots>
        <classPath>
          <root type="composite">
            <root url="jar://C:/Android/sdk/platforms/android-23/android.jar!/" type="simple" />
            <root url="file://C:/Android/sdk/platforms/android-23/data/res" type="simple" />
          </root>
        </classPath>
        <sourcePath>
          <root type="composite">
            <root url="file://C:/Android/sdk/sources/android-23" type="simple" />
          </root>
        </sourcePath>
      </roots>
      <additional jdk="1.8" />
    </jdk>
    <jdk version="2">
      <name value="Android API 23, N preview Platform" />
      <type value="Android SDK" />
      <homePath value="C:\Android\sdk" />
      <roots>
        <classPath>
          <root type="composite">
            <root url="jar://C:/Android/sdk/platforms/android-N/android.jar!/" type="simple" />
            <root url="file://C:/Android/sdk/platforms/android-N/data/res" type="simple" />
          </root>
        </classPath>
        <sourcePath>
          <root type="composite" />
        </sourcePath>
      </roots>
      <additional jdk="1.8" />
    </jdk>
    <jdk version="2">
      <name value="Android API 24 Platform" />
      <type value="Android SDK" />
      <homePath value="C:\Android\sdk" />
      <roots>
        <classPath>
          <root type="composite">
            <root url="jar://C:/Android/sdk/platforms/android-24/android.jar!/" type="simple" />
            <root url="file://C:/Android/sdk/platforms/android-24/data/res" type="simple" />
          </root>
        </classPath>
        <sourcePath>
          <root type="composite" />
        </sourcePath>
      </roots>
      <additional jdk="1.8" />
    </jdk>
    <jdk version="2">
      <name value="1.8" />
      <type value="JavaSDK" />
      <version value="java version &quot;1.8.0_91&quot;" />
      <homePath value="C:/Program Files/Java/jdk1.8.0_91" />
      <roots>
        <classPath>
          <root type="composite">
            <root url="jar://C:/Program Files/Java/jdk1.8.0_91/jre/lib/charsets.jar!/" type="simple" />
            <root url="jar://C:/Program Files/Java/jdk1.8.0_91/jre/lib/deploy.jar!/" type="simple" />
            <root url="jar://C:/Program Files/Java/jdk1.8.0_91/jre/lib/ext/access-bridge-64.jar!/" type="simple" />
            <root url="jar://C:/Program Files/Java/jdk1.8.0_91/jre/lib/ext/cldrdata.jar!/" type="simple" />
            <root url="jar://C:/Program Files/Java/jdk1.8.0_91/jre/lib/ext/dnsns.jar!/" type="simple" />
            <root url="jar://C:/Program Files/Java/jdk1.8.0_91/jre/lib/ext/jaccess.jar!/" type="simple" />
            <root url="jar://C:/Program Files/Java/jdk1.8.0_91/jre/lib/ext/jfxrt.jar!/" type="simple" />
            <root url="jar://C:/Program Files/Java/jdk1.8.0_91/jre/lib/ext/localedata.jar!/" type="simple" />
            <root url="jar://C:/Program Files/Java/jdk1.8.0_91/jre/lib/ext/nashorn.jar!/" type="simple" />
            <root url="jar://C:/Program Files/Java/jdk1.8.0_91/jre/lib/ext/sunec.jar!/" type="simple" />
            <root url="jar://C:/Program Files/Java/jdk1.8.0_91/jre/lib/ext/sunjce_provider.jar!/" type="simple" />
            <root url="jar://C:/Program Files/Java/jdk1.8.0_91/jre/lib/ext/sunmscapi.jar!/" type="simple" />
            <root url="jar://C:/Program Files/Java/jdk1.8.0_91/jre/lib/ext/sunpkcs11.jar!/" type="simple" />
            <root url="jar://C:/Program Files/Java/jdk1.8.0_91/jre/lib/ext/zipfs.jar!/" type="simple" />
            <root url="jar://C:/Program Files/Java/jdk1.8.0_91/jre/lib/javaws.jar!/" type="simple" />
            <root url="jar://C:/Program Files/Java/jdk1.8.0_91/jre/lib/jce.jar!/" type="simple" />
            <root url="jar://C:/Program Files/Java/jdk1.8.0_91/jre/lib/jfr.jar!/" type="simple" />
            <root url="jar://C:/Program Files/Java/jdk1.8.0_91/jre/lib/jfxswt.jar!/" type="simple" />
            <root url="jar://C:/Program Files/Java/jdk1.8.0_91/jre/lib/jsse.jar!/" type="simple" />
            <root url="jar://C:/Program Files/Java/jdk1.8.0_91/jre/lib/management-agent.jar!/" type="simple" />
            <root url="jar://C:/Program Files/Java/jdk1.8.0_91/jre/lib/plugin.jar!/" type="simple" />
            <root url="jar://C:/Program Files/Java/jdk1.8.0_91/jre/lib/resources.jar!/" type="simple" />
            <root url="jar://C:/Program Files/Java/jdk1.8.0_91/jre/lib/rt.jar!/" type="simple" />
          </root>
        </classPath>
        <sourcePath>
          <root type="composite">
            <root url="jar://C:/Program Files/Java/jdk1.8.0_91/src.zip!/" type="simple" />
            <root url="jar://C:/Program Files/Java/jdk1.8.0_91/javafx-src.zip!/" type="simple" />
          </root>
        </sourcePath>
      </roots>
      <additional />
    </jdk>
    <jdk version="2">
      <name value="Python 3.7 (envelope)" />
      <type value="Python SDK" />
      <version value="Python 3.7.3" />
      <homePath value="D:\prj\lang_style\envelope\venv\Scripts\python.exe" />
      <roots>
        <classPath>
          <root type="composite">
            <root url="file://D:/proger/python/DLLs" type="simple" />
            <root url="file://D:/proger/python/Lib" type="simple" />
            <root url="file://D:/proger/python/libs" type="simple" />
            <root url="file://D:/proger/python" type="simple" />
            <root url="file://D:/prj/lang_style/envelope/venv" type="simple" />
            <root url="file://D:/prj/lang_style/envelope/venv/Lib/site-packages" type="simple" />
            <root url="jar://D:/prj/lang_style/envelope/venv/Lib/site-packages/setuptools-39.1.0-py3.7.egg!/" type="simple" />
            <root url="file://D:/prj/lang_style/envelope/venv/Lib/site-packages/pip-10.0.1-py3.7.egg" type="simple" />
            <root url="file://$USER_HOME$/.IdeaIC2019.1/system/python_stubs/-1429991377" type="simple" />
            <root url="file://$APPLICATION_PLUGINS_DIR$/python-ce/helpers/python-skeletons" type="simple" />
            <root url="file://$APPLICATION_PLUGINS_DIR$/python-ce/helpers/typeshed/stdlib/3" type="simple" />
            <root url="file://$APPLICATION_PLUGINS_DIR$/python-ce/helpers/typeshed/stdlib/2and3" type="simple" />
            <root url="file://$APPLICATION_PLUGINS_DIR$/python-ce/helpers/typeshed/third_party/3" type="simple" />
            <root url="file://$APPLICATION_PLUGINS_DIR$/python-ce/helpers/typeshed/third_party/2and3" type="simple" />
          </root>
        </classPath>
        <sourcePath>
          <root type="composite" />
        </sourcePath>
      </roots>
      <additional />
    </jdk>
    <jdk version="2">
      <name value="Python 3.7 (venv)" />
      <type value="Python SDK" />
      <version value="Python 3.7.3" />
      <homePath value="D:\prj\lang_style\core\venv\Scripts\python.exe" />
      <roots>
        <classPath>
          <root type="composite">
            <root url="file://D:/proger/python/DLLs" type="simple" />
            <root url="file://D:/proger/python/Lib" type="simple" />
            <root url="file://D:/proger/python/libs" type="simple" />
            <root url="file://D:/proger/python" type="simple" />
            <root url="file://D:/prj/lang_style/core/venv" type="simple" />
            <root url="file://D:/prj/lang_style/core/venv/Lib/site-packages" type="simple" />
            <root url="jar://D:/prj/lang_style/core/venv/Lib/site-packages/setuptools-39.1.0-py3.7.egg!/" type="simple" />
            <root url="file://D:/prj/lang_style/core/venv/Lib/site-packages/pip-10.0.1-py3.7.egg" type="simple" />
            <root url="file://$USER_HOME$/.IdeaIC2019.1/system/python_stubs/464261758" type="simple" />
            <root url="file://$APPLICATION_PLUGINS_DIR$/python-ce/helpers/python-skeletons" type="simple" />
            <root url="file://$APPLICATION_PLUGINS_DIR$/python-ce/helpers/typeshed/stdlib/3" type="simple" />
            <root url="file://$APPLICATION_PLUGINS_DIR$/python-ce/helpers/typeshed/stdlib/2and3" type="simple" />
            <root url="file://$APPLICATION_PLUGINS_DIR$/python-ce/helpers/typeshed/third_party/3" type="simple" />
            <root url="file://$APPLICATION_PLUGINS_DIR$/python-ce/helpers/typeshed/third_party/2and3" type="simple" />
          </root>
        </classPath>
        <sourcePath>
          <root type="composite" />
        </sourcePath>
      </roots>
      <additional />
    </jdk>
    <jdk version="2">
      <name value="Python 3.7 (venv) (2)" />
      <type value="Python SDK" />
      <version value="Python 3.7.3" />
      <homePath value="D:\prj\lang_style\tests\venv\Scripts\python.exe" />
      <roots>
        <classPath>
          <root type="composite">
            <root url="file://D:/proger/python/DLLs" type="simple" />
            <root url="file://D:/proger/python/Lib" type="simple" />
            <root url="file://D:/proger/python/libs" type="simple" />
            <root url="file://D:/proger/python" type="simple" />
            <root url="file://D:/prj/lang_style/tests/venv" type="simple" />
            <root url="file://D:/prj/lang_style/tests/venv/Lib/site-packages" type="simple" />
            <root url="jar://D:/prj/lang_style/tests/venv/Lib/site-packages/setuptools-39.1.0-py3.7.egg!/" type="simple" />
            <root url="file://D:/prj/lang_style/tests/venv/Lib/site-packages/pip-10.0.1-py3.7.egg" type="simple" />
            <root url="file://$USER_HOME$/.IdeaIC2019.1/system/python_stubs/931649218" type="simple" />
            <root url="file://$APPLICATION_PLUGINS_DIR$/python-ce/helpers/python-skeletons" type="simple" />
            <root url="file://$APPLICATION_PLUGINS_DIR$/python-ce/helpers/typeshed/stdlib/3" type="simple" />
            <root url="file://$APPLICATION_PLUGINS_DIR$/python-ce/helpers/typeshed/stdlib/2and3" type="simple" />
            <root url="file://$APPLICATION_PLUGINS_DIR$/python-ce/helpers/typeshed/third_party/3" type="simple" />
            <root url="file://$APPLICATION_PLUGINS_DIR$/python-ce/helpers/typeshed/third_party/2and3" type="simple" />
          </root>
        </classPath>
        <sourcePath>
          <root type="composite" />
        </sourcePath>
      </roots>
      <additional />
    </jdk>
    <jdk version="2">
      <name value="Python 3.7 (core)" />
      <type value="Python SDK" />
      <version value="Python 3.7.3" />
      <homePath value="D:\prj\lang_style\core\venv\Scripts\python.exe" />
      <roots>
        <classPath>
          <root type="composite">
            <root url="file://D:/proger/python/DLLs" type="simple" />
            <root url="file://D:/proger/python/Lib" type="simple" />
            <root url="file://D:/proger/python/libs" type="simple" />
            <root url="file://D:/proger/python" type="simple" />
            <root url="file://D:/prj/lang_style/core/venv" type="simple" />
            <root url="file://D:/prj/lang_style/core/venv/Lib/site-packages" type="simple" />
            <root url="jar://D:/prj/lang_style/core/venv/Lib/site-packages/setuptools-39.1.0-py3.7.egg!/" type="simple" />
            <root url="file://D:/prj/lang_style/core/venv/Lib/site-packages/pip-10.0.1-py3.7.egg" type="simple" />
            <root url="file://$USER_HOME$/.IdeaIC2019.1/system/python_stubs/464261758" type="simple" />
            <root url="file://$APPLICATION_PLUGINS_DIR$/python-ce/helpers/python-skeletons" type="simple" />
            <root url="file://$APPLICATION_PLUGINS_DIR$/python-ce/helpers/typeshed/stdlib/3" type="simple" />
            <root url="file://$APPLICATION_PLUGINS_DIR$/python-ce/helpers/typeshed/stdlib/2and3" type="simple" />
            <root url="file://$APPLICATION_PLUGINS_DIR$/python-ce/helpers/typeshed/third_party/3" type="simple" />
            <root url="file://$APPLICATION_PLUGINS_DIR$/python-ce/helpers/typeshed/third_party/2and3" type="simple" />
          </root>
        </classPath>
        <sourcePath>
          <root type="composite" />
        </sourcePath>
      </roots>
      <additional />
    </jdk>
    <jdk version="2">
      <name value="15" />
      <type value="JavaSDK" />
      <version value="java version &quot;15&quot;" />
      <homePath value="C:/Program Files/Java/jdk-15" />
      <roots>
        <classPath>
          <root type="composite">
            <root url="jrt://C:/Program Files/Java/jdk-15!/java.base" type="simple" />
            <root url="jrt://C:/Program Files/Java/jdk-15!/java.compiler" type="simple" />
            <root url="jrt://C:/Program Files/Java/jdk-15!/java.datatransfer" type="simple" />
            <root url="jrt://C:/Program Files/Java/jdk-15!/java.desktop" type="simple" />
            <root url="jrt://C:/Program Files/Java/jdk-15!/java.instrument" type="simple" />
            <root url="jrt://C:/Program Files/Java/jdk-15!/java.logging" type="simple" />
            <root url="jrt://C:/Program Files/Java/jdk-15!/java.management" type="simple" />
            <root url="jrt://C:/Program Files/Java/jdk-15!/java.management.rmi" type="simple" />
            <root url="jrt://C:/Program Files/Java/jdk-15!/java.naming" type="simple" />
            <root url="jrt://C:/Program Files/Java/jdk-15!/java.net.http" type="simple" />
            <root url="jrt://C:/Program Files/Java/jdk-15!/java.prefs" type="simple" />
            <root url="jrt://C:/Program Files/Java/jdk-15!/java.rmi" type="simple" />
            <root url="jrt://C:/Program Files/Java/jdk-15!/java.scripting" type="simple" />
            <root url="jrt://C:/Program Files/Java/jdk-15!/java.se" type="simple" />
            <root url="jrt://C:/Program Files/Java/jdk-15!/java.security.jgss" type="simple" />
            <root url="jrt://C:/Program Files/Java/jdk-15!/java.security.sasl" type="simple" />
            <root url="jrt://C:/Program Files/Java/jdk-15!/java.smartcardio" type="simple" />
            <root url="jrt://C:/Program Files/Java/jdk-15!/java.sql" type="simple" />
            <root url="jrt://C:/Program Files/Java/jdk-15!/java.sql.rowset" type="simple" />
            <root url="jrt://C:/Program Files/Java/jdk-15!/java.transaction.xa" type="simple" />
            <root url="jrt://C:/Program Files/Java/jdk-15!/java.xml" type="simple" />
            <root url="jrt://C:/Program Files/Java/jdk-15!/java.xml.crypto" type="simple" />
            <root url="jrt://C:/Program Files/Java/jdk-15!/jdk.accessibility" type="simple" />
            <root url="jrt://C:/Program Files/Java/jdk-15!/jdk.aot" type="simple" />
            <root url="jrt://C:/Program Files/Java/jdk-15!/jdk.attach" type="simple" />
            <root url="jrt://C:/Program Files/Java/jdk-15!/jdk.charsets" type="simple" />
            <root url="jrt://C:/Program Files/Java/jdk-15!/jdk.compiler" type="simple" />
            <root url="jrt://C:/Program Files/Java/jdk-15!/jdk.crypto.cryptoki" type="simple" />
            <root url="jrt://C:/Program Files/Java/jdk-15!/jdk.crypto.ec" type="simple" />
            <root url="jrt://C:/Program Files/Java/jdk-15!/jdk.crypto.mscapi" type="simple" />
            <root url="jrt://C:/Program Files/Java/jdk-15!/jdk.dynalink" type="simple" />
            <root url="jrt://C:/Program Files/Java/jdk-15!/jdk.editpad" type="simple" />
            <root url="jrt://C:/Program Files/Java/jdk-15!/jdk.hotspot.agent" type="simple" />
            <root url="jrt://C:/Program Files/Java/jdk-15!/jdk.httpserver" type="simple" />
            <root url="jrt://C:/Program Files/Java/jdk-15!/jdk.incubator.foreign" type="simple" />
            <root url="jrt://C:/Program Files/Java/jdk-15!/jdk.incubator.jpackage" type="simple" />
            <root url="jrt://C:/Program Files/Java/jdk-15!/jdk.internal.ed" type="simple" />
            <root url="jrt://C:/Program Files/Java/jdk-15!/jdk.internal.jvmstat" type="simple" />
            <root url="jrt://C:/Program Files/Java/jdk-15!/jdk.internal.le" type="simple" />
            <root url="jrt://C:/Program Files/Java/jdk-15!/jdk.internal.opt" type="simple" />
            <root url="jrt://C:/Program Files/Java/jdk-15!/jdk.internal.vm.ci" type="simple" />
            <root url="jrt://C:/Program Files/Java/jdk-15!/jdk.internal.vm.compiler" type="simple" />
            <root url="jrt://C:/Program Files/Java/jdk-15!/jdk.internal.vm.compiler.management" type="simple" />
            <root url="jrt://C:/Program Files/Java/jdk-15!/jdk.jartool" type="simple" />
            <root url="jrt://C:/Program Files/Java/jdk-15!/jdk.javadoc" type="simple" />
            <root url="jrt://C:/Program Files/Java/jdk-15!/jdk.jcmd" type="simple" />
            <root url="jrt://C:/Program Files/Java/jdk-15!/jdk.jconsole" type="simple" />
            <root url="jrt://C:/Program Files/Java/jdk-15!/jdk.jdeps" type="simple" />
            <root url="jrt://C:/Program Files/Java/jdk-15!/jdk.jdi" type="simple" />
            <root url="jrt://C:/Program Files/Java/jdk-15!/jdk.jdwp.agent" type="simple" />
            <root url="jrt://C:/Program Files/Java/jdk-15!/jdk.jfr" type="simple" />
            <root url="jrt://C:/Program Files/Java/jdk-15!/jdk.jlink" type="simple" />
            <root url="jrt://C:/Program Files/Java/jdk-15!/jdk.jshell" type="simple" />
            <root url="jrt://C:/Program Files/Java/jdk-15!/jdk.jsobject" type="simple" />
            <root url="jrt://C:/Program Files/Java/jdk-15!/jdk.jstatd" type="simple" />
            <root url="jrt://C:/Program Files/Java/jdk-15!/jdk.localedata" type="simple" />
            <root url="jrt://C:/Program Files/Java/jdk-15!/jdk.management" type="simple" />
            <root url="jrt://C:/Program Files/Java/jdk-15!/jdk.management.agent" type="simple" />
            <root url="jrt://C:/Program Files/Java/jdk-15!/jdk.management.jfr" type="simple" />
            <root url="jrt://C:/Program Files/Java/jdk-15!/jdk.naming.dns" type="simple" />
            <root url="jrt://C:/Program Files/Java/jdk-15!/jdk.naming.rmi" type="simple" />
            <root url="jrt://C:/Program Files/Java/jdk-15!/jdk.net" type="simple" />
            <root url="jrt://C:/Program Files/Java/jdk-15!/jdk.nio.mapmode" type="simple" />
            <root url="jrt://C:/Program Files/Java/jdk-15!/jdk.sctp" type="simple" />
            <root url="jrt://C:/Program Files/Java/jdk-15!/jdk.security.auth" type="simple" />
            <root url="jrt://C:/Program Files/Java/jdk-15!/jdk.security.jgss" type="simple" />
            <root url="jrt://C:/Program Files/Java/jdk-15!/jdk.unsupported" type="simple" />
            <root url="jrt://C:/Program Files/Java/jdk-15!/jdk.unsupported.desktop" type="simple" />
            <root url="jrt://C:/Program Files/Java/jdk-15!/jdk.xml.dom" type="simple" />
            <root url="jrt://C:/Program Files/Java/jdk-15!/jdk.zipfs" type="simple" />
          </root>
        </classPath>
        <sourcePath>
          <root type="composite">
            <root url="jar://C:/Program Files/Java/jdk-15/lib/src.zip!/java.se" type="simple" />
            <root url="jar://C:/Program Files/Java/jdk-15/lib/src.zip!/jdk.aot" type="simple" />
            <root url="jar://C:/Program Files/Java/jdk-15/lib/src.zip!/jdk.jdi" type="simple" />
            <root url="jar://C:/Program Files/Java/jdk-15/lib/src.zip!/jdk.jfr" type="simple" />
            <root url="jar://C:/Program Files/Java/jdk-15/lib/src.zip!/jdk.net" type="simple" />
            <root url="jar://C:/Program Files/Java/jdk-15/lib/src.zip!/java.rmi" type="simple" />
            <root url="jar://C:/Program Files/Java/jdk-15/lib/src.zip!/java.sql" type="simple" />
            <root url="jar://C:/Program Files/Java/jdk-15/lib/src.zip!/java.xml" type="simple" />
            <root url="jar://C:/Program Files/Java/jdk-15/lib/src.zip!/jdk.jcmd" type="simple" />
            <root url="jar://C:/Program Files/Java/jdk-15/lib/src.zip!/jdk.sctp" type="simple" />
            <root url="jar://C:/Program Files/Java/jdk-15/lib/src.zip!/java.base" type="simple" />
            <root url="jar://C:/Program Files/Java/jdk-15/lib/src.zip!/jdk.jdeps" type="simple" />
            <root url="jar://C:/Program Files/Java/jdk-15/lib/src.zip!/jdk.jlink" type="simple" />
            <root url="jar://C:/Program Files/Java/jdk-15/lib/src.zip!/jdk.zipfs" type="simple" />
            <root url="jar://C:/Program Files/Java/jdk-15/lib/src.zip!/java.prefs" type="simple" />
            <root url="jar://C:/Program Files/Java/jdk-15/lib/src.zip!/jdk.attach" type="simple" />
            <root url="jar://C:/Program Files/Java/jdk-15/lib/src.zip!/jdk.jshell" type="simple" />
            <root url="jar://C:/Program Files/Java/jdk-15/lib/src.zip!/jdk.jstatd" type="simple" />
            <root url="jar://C:/Program Files/Java/jdk-15/lib/src.zip!/java.naming" type="simple" />
            <root url="jar://C:/Program Files/Java/jdk-15/lib/src.zip!/jdk.editpad" type="simple" />
            <root url="jar://C:/Program Files/Java/jdk-15/lib/src.zip!/jdk.jartool" type="simple" />
            <root url="jar://C:/Program Files/Java/jdk-15/lib/src.zip!/jdk.javadoc" type="simple" />
            <root url="jar://C:/Program Files/Java/jdk-15/lib/src.zip!/jdk.xml.dom" type="simple" />
            <root url="jar://C:/Program Files/Java/jdk-15/lib/src.zip!/java.desktop" type="simple" />
            <root url="jar://C:/Program Files/Java/jdk-15/lib/src.zip!/java.logging" type="simple" />
            <root url="jar://C:/Program Files/Java/jdk-15/lib/src.zip!/jdk.charsets" type="simple" />
            <root url="jar://C:/Program Files/Java/jdk-15/lib/src.zip!/jdk.compiler" type="simple" />
            <root url="jar://C:/Program Files/Java/jdk-15/lib/src.zip!/jdk.dynalink" type="simple" />
            <root url="jar://C:/Program Files/Java/jdk-15/lib/src.zip!/jdk.jconsole" type="simple" />
            <root url="jar://C:/Program Files/Java/jdk-15/lib/src.zip!/jdk.jsobject" type="simple" />
            <root url="jar://C:/Program Files/Java/jdk-15/lib/src.zip!/java.compiler" type="simple" />
            <root url="jar://C:/Program Files/Java/jdk-15/lib/src.zip!/java.net.http" type="simple" />
            <root url="jar://C:/Program Files/Java/jdk-15/lib/src.zip!/jdk.crypto.ec" type="simple" />
            <root url="jar://C:/Program Files/Java/jdk-15/lib/src.zip!/java.scripting" type="simple" />
            <root url="jar://C:/Program Files/Java/jdk-15/lib/src.zip!/jdk.httpserver" type="simple" />
            <root url="jar://C:/Program Files/Java/jdk-15/lib/src.zip!/jdk.jdwp.agent" type="simple" />
            <root url="jar://C:/Program Files/Java/jdk-15/lib/src.zip!/jdk.localedata" type="simple" />
            <root url="jar://C:/Program Files/Java/jdk-15/lib/src.zip!/jdk.management" type="simple" />
            <root url="jar://C:/Program Files/Java/jdk-15/lib/src.zip!/jdk.naming.dns" type="simple" />
            <root url="jar://C:/Program Files/Java/jdk-15/lib/src.zip!/jdk.naming.rmi" type="simple" />
            <root url="jar://C:/Program Files/Java/jdk-15/lib/src.zip!/java.instrument" type="simple" />
            <root url="jar://C:/Program Files/Java/jdk-15/lib/src.zip!/java.management" type="simple" />
            <root url="jar://C:/Program Files/Java/jdk-15/lib/src.zip!/java.sql.rowset" type="simple" />
            <root url="jar://C:/Program Files/Java/jdk-15/lib/src.zip!/java.xml.crypto" type="simple" />
            <root url="jar://C:/Program Files/Java/jdk-15/lib/src.zip!/jdk.internal.ed" type="simple" />
            <root url="jar://C:/Program Files/Java/jdk-15/lib/src.zip!/jdk.internal.le" type="simple" />
            <root url="jar://C:/Program Files/Java/jdk-15/lib/src.zip!/jdk.nio.mapmode" type="simple" />
            <root url="jar://C:/Program Files/Java/jdk-15/lib/src.zip!/jdk.unsupported" type="simple" />
            <root url="jar://C:/Program Files/Java/jdk-15/lib/src.zip!/java.smartcardio" type="simple" />
            <root url="jar://C:/Program Files/Java/jdk-15/lib/src.zip!/jdk.internal.opt" type="simple" />
            <root url="jar://C:/Program Files/Java/jdk-15/lib/src.zip!/java.datatransfer" type="simple" />
            <root url="jar://C:/Program Files/Java/jdk-15/lib/src.zip!/jdk.accessibility" type="simple" />
            <root url="jar://C:/Program Files/Java/jdk-15/lib/src.zip!/jdk.crypto.mscapi" type="simple" />
            <root url="jar://C:/Program Files/Java/jdk-15/lib/src.zip!/jdk.hotspot.agent" type="simple" />
            <root url="jar://C:/Program Files/Java/jdk-15/lib/src.zip!/jdk.security.auth" type="simple" />
            <root url="jar://C:/Program Files/Java/jdk-15/lib/src.zip!/jdk.security.jgss" type="simple" />
            <root url="jar://C:/Program Files/Java/jdk-15/lib/src.zip!/java.security.jgss" type="simple" />
            <root url="jar://C:/Program Files/Java/jdk-15/lib/src.zip!/java.security.sasl" type="simple" />
            <root url="jar://C:/Program Files/Java/jdk-15/lib/src.zip!/jdk.internal.vm.ci" type="simple" />
            <root url="jar://C:/Program Files/Java/jdk-15/lib/src.zip!/jdk.management.jfr" type="simple" />
            <root url="jar://C:/Program Files/Java/jdk-15/lib/src.zip!/java.management.rmi" type="simple" />
            <root url="jar://C:/Program Files/Java/jdk-15/lib/src.zip!/java.transaction.xa" type="simple" />
            <root url="jar://C:/Program Files/Java/jdk-15/lib/src.zip!/jdk.crypto.cryptoki" type="simple" />
            <root url="jar://C:/Program Files/Java/jdk-15/lib/src.zip!/jdk.internal.jvmstat" type="simple" />
            <root url="jar://C:/Program Files/Java/jdk-15/lib/src.zip!/jdk.management.agent" type="simple" />
            <root url="jar://C:/Program Files/Java/jdk-15/lib/src.zip!/jdk.incubator.foreign" type="simple" />
            <root url="jar://C:/Program Files/Java/jdk-15/lib/src.zip!/jdk.incubator.jpackage" type="simple" />
            <root url="jar://C:/Program Files/Java/jdk-15/lib/src.zip!/jdk.unsupported.desktop" type="simple" />
            <root url="jar://C:/Program Files/Java/jdk-15/lib/src.zip!/jdk.internal.vm.compiler" type="simple" />
            <root url="jar://C:/Program Files/Java/jdk-15/lib/src.zip!/jdk.internal.vm.compiler.management" type="simple" />
          </root>
        </sourcePath>
      </roots>
      <additional />
    </jdk>
    <jdk version="2">
      <name value="Kotlin SDK" />
      <type value="KotlinSDK" />
      <homePath value="" />
      <roots>
        <classPath>
          <root type="composite" />
        </classPath>
        <sourcePath>
          <root type="composite" />
        </sourcePath>
      </roots>
      <additional />
    </jdk>
  </component>
</application>