<application>
  <component name="ActionMacroManager">
    <macro name="clear bookmarks">
      <action id="ShowBookmarks" />
      <action id="Tree-selectNextExtendSelection" />
      <action id="Tree-selectNextExtendSelection" />
      <action id="Tree-selectNextExtendSelection" />
      <action id="Tree-selectNextExtendSelection" />
      <action id="Tree-selectNextExtendSelection" />
      <action id="Tree-selectNextExtendSelection" />
      <action id="Tree-selectNextExtendSelection" />
      <action id="Tree-selectNextExtendSelection" />
      <action id="Tree-selectNextExtendSelection" />
      <action id="Tree-selectNextExtendSelection" />
      <action id="Tree-selectNextExtendSelection" />
      <action id="Tree-selectNextExtendSelection" />
      <action id="Tree-selectNextExtendSelection" />
      <action id="Tree-selectNextExtendSelection" />
      <action id="BookmarksView.Delete" />
      <shortuct text="ESCAPE" />
    </macro>
  </component>
</application>