<?xml version="1.0" encoding="UTF-8"?>
<!DOCTYPE fontscolors PUBLIC "-//NetBeans//DTD Editor Fonts and Colors settings 1.1//EN" "http://www.netbeans.org/dtds/EditorFontsColors-1_1.dtd">
<fontscolors>
    <fontcolor default="field" foreColor="black" name="cc-highlighting-class-fields"/>
    <fontcolor foreColor="ff666666" name="preprocessor">
        <font style="bold"/>
    </fontcolor>
    <fontcolor default="method" name="cc-highlighting-function-usage"/>
    <fontcolor default="method" name="cc-highlighting-function"/>
    <fontcolor default="comment" name="html-tag"/>
    <fontcolor default="preprocessor" foreColor="ff666666" name="preprocessor-keyword-directive">
        <font style="bold"/>
    </fontcolor>
    <fontcolor default="error" name="errors" waveUnderlined="ff990000"/>
</fontscolors>
