<?xml version="1.0" encoding="UTF-8"?>
<!DOCTYPE fontscolors PUBLIC "-//NetBeans//DTD Editor Fonts and Colors settings 1.1//EN" "http://www.netbeans.org/dtds/EditorFontsColors-1_1.dtd">
<fontscolors>
    <fontcolor default="field" foreColor="ff666666" name="markup-attribute"/>
    <fontcolor bgColor="white" foreColor="black" name="default">
        <font name="Consolas" size="16" style="plain"/>
    </fontcolor>
    <fontcolor foreColor="ff990000" name="string"/>
    <fontcolor foreColor="ff990000" name="char"/>
    <fontcolor default="string" foreColor="ff666666" name="markup-attribute-value"/>
    <fontcolor foreColor="ff666666" name="comment"/>
    <fontcolor foreColor="black" name="keyword"/>
</fontscolors>
