<keymap version="1" name="QtStyle" parent="$default">
  <action id="$Copy">
    <keyboard-shortcut first-keystroke="ctrl c" />
  </action>
  <action id="ActivateAndroidMonitorToolWindow">
    <keyboard-shortcut first-keystroke="alt 6" />
  </action>
  <action id="ActivateDebugToolWindow">
    <keyboard-shortcut first-keystroke="alt 5" />
    <keyboard-shortcut first-keystroke="ctrl alt 5" />
  </action>
  <action id="ActivateDesignerToolWindow">
    <keyboard-shortcut first-keystroke="alt 0" />
  </action>
  <action id="ActivateFavoritesToolWindow">
    <keyboard-shortcut first-keystroke="alt 2" />
    <keyboard-shortcut first-keystroke="ctrl alt 2" />
  </action>
  <action id="ActivateNuGetToolWindow">
    <keyboard-shortcut first-keystroke="ctrl alt 7" />
  </action>
  <action id="ActivateProjectToolWindow">
    <keyboard-shortcut first-keystroke="alt 1" />
    <keyboard-shortcut first-keystroke="ctrl alt 1" />
  </action>
  <action id="ActivateStructureToolWindow">
    <keyboard-shortcut first-keystroke="alt 7" />
    <keyboard-shortcut first-keystroke="ctrl alt 3" />
  </action>
  <action id="ActivateTODOToolWindow" />
  <action id="ActivateTerminalToolWindow">
    <keyboard-shortcut first-keystroke="alt f12" />
    <keyboard-shortcut first-keystroke="ctrl alt f12" />
  </action>
  <action id="ActivateVersionControlToolWindow">
    <keyboard-shortcut first-keystroke="alt 9" />
    <keyboard-shortcut first-keystroke="ctrl alt 9" />
  </action>
  <action id="Arrangement.Alias.Rule.Match.Condition.Move.Down" />
  <action id="Arrangement.Rule.Group.Condition.Move.Down" />
  <action id="Arrangement.Rule.Group.Condition.Move.Up" />
  <action id="Arrangement.Rule.Match.Condition.Move.Down" />
  <action id="Arrangement.Rule.Match.Condition.Move.Up" />
  <action id="Back">
    <keyboard-shortcut first-keystroke="alt left" />
  </action>
  <action id="ChangeSplitOrientation">
    <keyboard-shortcut first-keystroke="alt s" second-keystroke="alt c" />
  </action>
  <action id="ChangesView.Diff" />
  <action id="CheckinProject">
    <keyboard-shortcut first-keystroke="ctrl g" second-keystroke="ctrl c" />
  </action>
  <action id="ChooseDebugConfiguration">
    <keyboard-shortcut first-keystroke="alt f5" />
  </action>
  <action id="CloseAllEditors">
    <keyboard-shortcut first-keystroke="alt w" second-keystroke="alt a" />
  </action>
  <action id="CloseAllEditorsButActive">
    <keyboard-shortcut first-keystroke="alt w" second-keystroke="alt o" />
  </action>
  <action id="CloseAllToTheLeft">
    <keyboard-shortcut first-keystroke="alt w" second-keystroke="alt left" />
  </action>
  <action id="CloseAllToTheRight">
    <keyboard-shortcut first-keystroke="alt w" second-keystroke="alt right" />
  </action>
  <action id="CloseContent">
    <keyboard-shortcut first-keystroke="ctrl f4" />
    <keyboard-shortcut first-keystroke="ctrl w" />
  </action>
  <action id="CommentByBlockComment">
    <keyboard-shortcut first-keystroke="shift ctrl slash" />
    <keyboard-shortcut first-keystroke="shift ctrl divide" />
    <keyboard-shortcut first-keystroke="shift ctrl q" />
  </action>
  <action id="CompareTwoFiles" />
  <action id="Console.TableResult.CloneRow" />
  <action id="CopyElement" />
  <action id="DatabaseView.CopyAction" />
  <action id="Debug" />
  <action id="Diff.ShowDiff" />
  <action id="EditorCopy">
    <keyboard-shortcut first-keystroke="ctrl c" />
  </action>
  <action id="EditorDuplicate" />
  <action id="EditorMoveToPageBottom" />
  <action id="EditorMoveToPageTop" />
  <action id="EditorScrollToCenter" />
  <action id="EditorSelectWord" />
  <action id="EditorToggleCase" />
  <action id="FileChooser.GotoDesktop" />
  <action id="FindNext">
    <keyboard-shortcut first-keystroke="f3" />
  </action>
  <action id="FindUsages">
    <keyboard-shortcut first-keystroke="ctrl r" />
  </action>
  <action id="Forward">
    <keyboard-shortcut first-keystroke="alt right" />
  </action>
  <action id="Git.Commit.And.Push.Executor">
    <keyboard-shortcut first-keystroke="ctrl g" second-keystroke="ctrl k" />
  </action>
  <action id="Git.Pull">
    <keyboard-shortcut first-keystroke="ctrl g" second-keystroke="shift ctrl p" />
  </action>
  <action id="Git.Stash">
    <keyboard-shortcut first-keystroke="ctrl g" second-keystroke="ctrl s" />
  </action>
  <action id="Git.Unstash">
    <keyboard-shortcut first-keystroke="ctrl g" second-keystroke="ctrl u" />
  </action>
  <action id="GotoDeclaration">
    <keyboard-shortcut first-keystroke="ctrl d" />
  </action>
  <action id="GotoLine" />
  <action id="GotoNextBookmark">
    <keyboard-shortcut first-keystroke="ctrl k" />
  </action>
  <action id="GotoNextError" />
  <action id="GotoPreviousBookmark">
    <keyboard-shortcut first-keystroke="ctrl l" />
  </action>
  <action id="MethodDown" />
  <action id="MethodUp" />
  <action id="MoveLineDown">
    <keyboard-shortcut first-keystroke="alt down" />
  </action>
  <action id="MoveLineUp">
    <keyboard-shortcut first-keystroke="alt up" />
  </action>
  <action id="MoveTabDown">
    <keyboard-shortcut first-keystroke="alt s" second-keystroke="shift alt down" />
  </action>
  <action id="MoveTabRight">
    <keyboard-shortcut first-keystroke="alt s" second-keystroke="shift alt right" />
  </action>
  <action id="NewElementSamePlace">
    <keyboard-shortcut first-keystroke="ctrl insert" />
  </action>
  <action id="NextSplitter">
    <keyboard-shortcut first-keystroke="alt s" second-keystroke="alt right" />
  </action>
  <action id="NextTab">
    <keyboard-shortcut first-keystroke="ctrl page_down" />
  </action>
  <action id="PrevSplitter">
    <keyboard-shortcut first-keystroke="alt s" second-keystroke="alt left" />
  </action>
  <action id="PreviousTab">
    <keyboard-shortcut first-keystroke="ctrl page_up" />
  </action>
  <action id="QuickDocCopy">
    <keyboard-shortcut first-keystroke="ctrl c" />
  </action>
  <action id="RenameElement">
    <keyboard-shortcut first-keystroke="shift f6" />
    <keyboard-shortcut first-keystroke="f2" />
  </action>
  <action id="ReopenClosedTab">
    <keyboard-shortcut first-keystroke="alt w" second-keystroke="alt r" />
  </action>
  <action id="Replace">
    <keyboard-shortcut first-keystroke="ctrl alt r" />
  </action>
  <action id="Resume">
    <keyboard-shortcut first-keystroke="f5" />
  </action>
  <action id="RiderBackendAction-Refactorings.AdjustNamespaces">
    <keyboard-shortcut first-keystroke="ctrl alt slash" second-keystroke="ctrl alt n" />
  </action>
  <action id="RiderNuGetManagePackagesForProjectAction">
    <keyboard-shortcut first-keystroke="ctrl alt 7" />
  </action>
  <action id="RiderNuGetToggleDependenciesExpanderAction" />
  <action id="RiderNuGetToggleToolWindowAction">
    <keyboard-shortcut first-keystroke="ctrl alt 7" />
  </action>
  <action id="RiderUnitTestDebugContextTwAction" />
  <action id="RiderUnitTestRunContextTwAction">
    <keyboard-shortcut first-keystroke="shift enter" />
  </action>
  <action id="RunDashboard.CopyConfiguration" />
  <action id="SearchEverywhere">
    <keyboard-shortcut first-keystroke="shift space" />
  </action>
  <action id="SendEOF" />
  <action id="ShelveChanges.UnshelveWithDialog" />
  <action id="ShowContent" />
  <action id="ShowFilePath" />
  <action id="ShowSearchHistory" />
  <action id="SplitHorizontally">
    <keyboard-shortcut first-keystroke="alt s" second-keystroke="alt h" />
  </action>
  <action id="SplitVertically">
    <keyboard-shortcut first-keystroke="alt s" second-keystroke="alt v" />
  </action>
  <action id="StepInto">
    <keyboard-shortcut first-keystroke="f11" />
  </action>
  <action id="StepOut">
    <keyboard-shortcut first-keystroke="shift f8" />
    <keyboard-shortcut first-keystroke="shift f11" />
  </action>
  <action id="StepOver">
    <keyboard-shortcut first-keystroke="f10" />
  </action>
  <action id="SwitchApply">
    <keyboard-shortcut first-keystroke="shift alt enter" />
  </action>
  <action id="SwitchDown">
    <keyboard-shortcut first-keystroke="shift alt down" />
  </action>
  <action id="SwitchLeft">
    <keyboard-shortcut first-keystroke="shift alt left" />
  </action>
  <action id="SwitchRight">
    <keyboard-shortcut first-keystroke="shift alt right" />
  </action>
  <action id="SwitchUp">
    <keyboard-shortcut first-keystroke="shift alt up" />
  </action>
  <action id="ToggleBookmark">
    <keyboard-shortcut first-keystroke="f8" />
  </action>
  <action id="ToggleLineBreakpoint">
    <keyboard-shortcut first-keystroke="ctrl f8" />
    <keyboard-shortcut first-keystroke="f9" />
  </action>
  <action id="ToggleSideMode">
    <keyboard-shortcut first-keystroke="alt s" second-keystroke="alt s" />
  </action>
  <action id="Unsplit">
    <keyboard-shortcut first-keystroke="alt s" second-keystroke="alt w" />
  </action>
  <action id="UnsplitAll">
    <keyboard-shortcut first-keystroke="alt s" second-keystroke="shift alt w" />
  </action>
  <action id="UsageView.ShowRecentFindUsages" />
  <action id="Vcs.Push">
    <keyboard-shortcut first-keystroke="ctrl g" second-keystroke="ctrl p" />
  </action>
  <action id="Vcs.ShowHistoryForBlock">
    <keyboard-shortcut first-keystroke="ctrl g" second-keystroke="shift ctrl h" />
  </action>
  <action id="Vcs.ShowMessageHistory">
    <keyboard-shortcut first-keystroke="ctrl e" />
  </action>
  <action id="Vcs.ShowTabbedFileHistory">
    <keyboard-shortcut first-keystroke="ctrl g" second-keystroke="ctrl h" />
  </action>
  <action id="XDebugger.CopyValue">
    <keyboard-shortcut first-keystroke="ctrl c" />
  </action>
  <action id="openAssertEqualsDiff" />
</keymap>