<code_scheme name="Default" version="173">
  <option name="LINE_SEPARATOR" value="&#13;&#10;" />
  <Objective-C-extensions>
    <file>
      <option name="com.jetbrains.cidr.lang.util.OCDeclarationKind" value="Import" />
      <option name="com.jetbrains.cidr.lang.util.OCDeclarationKind" value="Macro" />
      <option name="com.jetbrains.cidr.lang.util.OCDeclarationKind" value="Typedef" />
      <option name="com.jetbrains.cidr.lang.util.OCDeclarationKind" value="Enum" />
      <option name="com.jetbrains.cidr.lang.util.OCDeclarationKind" value="Constant" />
      <option name="com.jetbrains.cidr.lang.util.OCDeclarationKind" value="Global" />
      <option name="com.jetbrains.cidr.lang.util.OCDeclarationKind" value="Struct" />
      <option name="com.jetbrains.cidr.lang.util.OCDeclarationKind" value="FunctionPredecl" />
      <option name="com.jetbrains.cidr.lang.util.OCDeclarationKind" value="Function" />
    </file>
    <class>
      <option name="com.jetbrains.cidr.lang.util.OCDeclarationKind" value="Property" />
      <option name="com.jetbrains.cidr.lang.util.OCDeclarationKind" value="Synthesize" />
      <option name="com.jetbrains.cidr.lang.util.OCDeclarationKind" value="InitMethod" />
      <option name="com.jetbrains.cidr.lang.util.OCDeclarationKind" value="StaticMethod" />
      <option name="com.jetbrains.cidr.lang.util.OCDeclarationKind" value="InstanceMethod" />
      <option name="com.jetbrains.cidr.lang.util.OCDeclarationKind" value="DeallocMethod" />
    </class>
    <extensions>
      <pair source="cpp" header="h" />
      <pair source="c" header="h" />
    </extensions>
  </Objective-C-extensions>
</code_scheme>