<?xml version="1.0" encoding="UTF-8"?>
<!DOCTYPE fontscolors PUBLIC "-//NetBeans//DTD Editor Fonts and Colors settings 1.1//EN" "http://www.netbeans.org/dtds/EditorFontsColors-1_1.dtd">
<fontscolors>
    <fontcolor foreColor="gray" name="preprocessor">
        <font style="bold"/>
    </fontcolor>
    <fontcolor default="preprocessor-keyword-directive" foreColor="gray" name="preprocessor-keyword">
        <font style="bold"/>
    </fontcolor>
    <fontcolor default="preprocessor" foreColor="gray" name="preprocessor-keyword-directive">
        <font style="bold"/>
    </fontcolor>
</fontscolors>
